{
    "description": "项目配置文件，详见文档：https://developers.weixin.qq.com/miniprogram/dev/devtools/projectconfig.html",
    "packOptions": {
        "ignore": [],
        "include": []
    },
    "setting": {
        "urlCheck": true,
        "scopeDataCheck": false,
        "coverView": true,
        "es6": false,
        "postcss": true,
        "compileHotReLoad": false,
        "lazyloadPlaceholderEnable": false,
        "preloadBackgroundData": false,
        "minified": true,
        "autoAudits": false,
        "newFeature": false,
        "uglifyFileName": false,
        "uploadWithSourceMap": true,
        "useIsolateContext": false,
        "nodeModules": false,
        "enhance": true,
        "useMultiFrameRuntime": true,
        "useApiHook": true,
        "useApiHostProcess": true,
        "showShadowRootInWxmlPanel": true,
        "packNpmManually": false,
        "packNpmRelationList": [],
        "minifyWXSS": true,
        "disableUseStrict": false,
        "minifyWXML": true,
        "checkInvalidKey": true,
        "babelSetting": {
            "ignore": [],
            "disablePlugins": [],
            "outputPath": ""
        },
        "showES6CompileOption": false,
        "useCompilerPlugins": false,
        "useStaticServer": true
    },
    "compileType": "miniprogram",
    "libVersion": "2.14.1",
    "appid": "wx4fbce17391055c65",
    "projectname": "miniprogram-13",
    "miniprogramRoot": "miniprogram/",
    "cloudfunctionRoot": "cloudfunctions/",
    "cloudfunctionTemplateRoot": "",
    "condition": {},
    "srcMiniprogramRoot": "miniprogram/",
    "editorSetting": {
        "tabIndent": "insertSpaces",
        "tabSize": 4
    }
}